mean,std
12257.711442786069,18541.80563875737
